Country Name,Country Code,region,"2020 [YR2020] - GDP per capita, PPP (current international $) [NY.GDP.PCAP.PP.CD]","2020 [YR2020] - Life expectancy at birth, total (years) [SP.DYN.LE00.IN]","2020 [YR2020] - Physicians (per 1,000 people) [SH.MED.PHYS.ZS]","2020 [YR2020] - Population, total [SP.POP.TOTL]","2020 [YR2020] - Population ages 65 and above, total [SP.POP.65UP.TO]",2020 [YR2020] - Population density (people per sq. km of land area) [EN.POP.DNST],2020 [YR2020] - Proportion of people living below 50 percent of median income (%) [SI.DST.50MD],2020 [YR2020] - Rural population (% of total population) [SP.RUR.TOTL.ZS],2020 [YR2020] - Urban population (% of total population) [SP.URB.TOTL.IN.ZS],2020 [YR2020] - Prevalence of current tobacco use (% of adults) [SH.PRV.SMOK],"2020 [YR2020] - Prevalence of current tobacco use, females (% of female adults) [SH.PRV.SMOK.FE]","2020 [YR2020] - Prevalence of current tobacco use, males (% of male adults) [SH.PRV.SMOK.MA]","2020 [YR2020] - Government expenditure on education, total (% of GDP) [SE.XPD.TOTL.GD.ZS]","2020 [YR2020] - Educational attainment, at least completed upper secondary, population 25+, total (%) (cumulative) [SE.SEC.CUAT.UP.ZS]",2020 [YR2020] - Domestic general government health expenditure (% of GDP) [SH.XPD.GHED.GD.ZS],"2020 [YR2020] - Unemployment, total (% of total labor force) (national estimate) [SL.UEM.TOTL.NE.ZS]"
Afghanistan,AFG,South Asia,2078.595086,62.575,0.2538,38972230,941940,59.75228064,..,73.974,26.026,23.3,7.2,39.4,..,..,1.18621242,11.71
Albania,ALB,Europe & Central Asia,14064.03861,76.989,1.8754,2837849,449008,103.5711314,9.6,37.888,62.112,22.4,6,38.8,3.342299938,..,2.93465567,..
Algeria,DZA,Middle East & North Africa,11452.22662,74.453,..,43451666,2614691,18.24365706,..,26.267,73.733,21,0.7,41.3,7.042397499,..,3.95616674,..
American Samoa,ASM,East Asia & Pacific,..,..,..,46189,2981,230.945,..,12.847,87.153,..,..,..,..,..,..,..
Andorra,AND,Europe & Central Asia,..,..,..,77700,11030,165.3191489,..,12.084,87.916,31.8,28.3,35.3,2.856162786,..,6.62333536,..
Angola,AGO,Sub-Saharan Africa,6367.437317,62.261,..,33428486,865789,26.81357664,..,33.175,66.825,..,..,..,2.744996548,..,1.22474134,..
Antigua and Barbuda,ATG,Latin America & Caribbean,19839.92559,78.841,..,92664,9085,210.6,..,75.567,24.433,..,..,..,..,..,3.38136292,..
Argentina,ARG,Latin America & Caribbean,20787.85787,75.892,4.0596,45376763,5321539,16.58089261,21.2,7.889,92.111,24.5,19.6,29.4,5.279640198,..,6.6165266,11.46
Armenia,ARM,Europe & Central Asia,14105.91125,72.173,..,2805608,348117,98.54611872,4.6,36.687,63.313,25.5,1.5,49.4,2.705559969,89.88085938,2.35682821,12.18
Aruba,ABW,Latin America & Caribbean,35012.39147,75.723,..,106585,15921,592.1388889,..,56.303,43.697,..,..,..,..,..,..,..
Australia,AUS,East Asia & Pacific,53066.49099,83.2,4.1292,25655289,4164775,3.335312311,..,13.759,86.241,13.6,11.5,15.6,5.608449936,80.05303192,7.99613142,6.46
Austria,AUT,Europe & Central Asia,57258.69023,81.19268293,5.2933,8916864,1707529,108.0570044,11,41.252,58.748,26.4,25,27.7,5.569009781,..,8.763134,5.2
Azerbaijan,AZE,Europe & Central Asia,14495.65697,66.868,..,10093121,653178,122.1247368,..,43.603,56.397,24,0.1,47.9,4.332049847,..,1.58928382,7.24
"Bahamas, The",BHS,Latin America & Caribbean,27224.47086,72.677,..,406471,33651,40.60649351,..,16.755,83.245,10.6,2.4,18.8,2.866807222,..,4.59830189,..
Bahrain,BHR,Middle East & North Africa,50682.75956,79.174,..,1477469,47236,1882.126115,..,10.494,89.506,14.9,4.5,25.3,2.552374601,68.73667908,2.96118394,..
Bangladesh,BGD,South Asia,5904.567375,71.968,0.6672,167420951,9430760,1286.171553,..,61.823,38.177,34.7,17.1,52.2,1.765280604,..,0.47426897,..
Barbados,BRB,Latin America & Caribbean,14579.09038,77.393,..,280693,42543,652.7744186,..,68.809,31.191,8.5,1.9,15,4.202179909,..,3.74926305,..
Belarus,BLR,Europe & Central Asia,20317.23192,72.45721951,..,9379952,1552638,46.21121293,3.9,20.517,79.483,30.5,13.5,47.4,4.862639904,..,4.54088545,4.05
Belgium,BEL,Europe & Central Asia,54569.92539,80.69512195,..,11538604,2216291,381.0635403,7.9,1.921,98.079,23.4,21,25.8,6.812329769,..,8.75983047,5.55
Belize,BLZ,Latin America & Caribbean,8134.598272,72.854,..,394921,18979,17.31350285,..,53.975,46.025,8.5,1.8,15.1,5.152190208,43.28562927,4.97494507,..
Benin,BEN,Sub-Saharan Africa,3364.973218,60.088,..,12643123,390528,112.1241841,..,51.585,48.415,6.9,1.9,11.8,2.939019918,..,0.86860555,..
Bermuda,BMU,North America,80381.44549,81.136,..,63893,12154,1183.203704,..,0,100,..,..,..,1.890087724,..,..,..
Bhutan,BTN,South Asia,11137.831,71.609,0.499,772506,46598,20.25448348,..,57.684,42.316,..,..,..,5.980710506,..,3.4102993,5.03
Bolivia,BOL,Latin America & Caribbean,8110.114756,64.467,..,11936162,594231,11.01833472,17.9,29.877,70.123,12.7,4.8,20.5,8.437109947,50.47999954,5.64873314,7.9
Bosnia and Herzegovina,BIH,Europe & Central Asia,15860.10452,76.225,..,3318407,588780,64.81263672,..,50.98,49.02,35,28,42,..,69.08618164,6.8357625,15.87
Botswana,BWA,Sub-Saharan Africa,14303.93611,65.647,..,2546402,90356,4.493148413,..,29.123,70.877,19.4,8.3,30.4,8.058336258,..,4.6217618,21.02
Brazil,BRA,Latin America & Caribbean,14900.10422,74.009,..,213196304,19807547,25.50762538,18.3,12.927,87.073,12.8,9.4,16.2,5.771500111,52.88999939,4.6151557,13.7
British Virgin Islands,VGB,Latin America & Caribbean,..,75.849,..,30910,2805,206.0666667,..,51.485,48.515,..,..,..,2.590500116,..,..,..
Brunei Darussalam,BRN,East Asia & Pacific,65054.19432,74.795,..,441725,24147,83.81878558,..,21.75,78.25,16.2,2.3,30,..,..,2.25119257,7.41
Bulgaria,BGR,Europe & Central Asia,25296.07094,73.65853659,..,6934015,1543867,63.87265107,13,24.314,75.686,39,37.1,40.9,4.502870083,77.77819824,5.09874439,5.12
Burkina Faso,BFA,Sub-Saharan Africa,2211.01144,59.731,..,21522626,551283,78.66456871,..,69.393,30.607,14.3,6.4,22.1,5.150865078,..,2.92014813,..
Burundi,BDI,Sub-Saharan Africa,751.2009119,61.566,0.0717,12220227,301439,475.8655374,..,86.292,13.708,11.8,6.1,17.4,5.321585178,..,2.40413046,1.03
Cabo Verde,CPV,Sub-Saharan Africa,6577.306014,74.808,..,582640,31278,144.5756824,..,33.348,66.652,11.4,5.4,17.3,..,..,3.70396852,..
Cambodia,KHM,East Asia & Pacific,4515.709506,70.416,..,16396860,864539,92.88953093,..,75.768,24.232,21.1,6,36.1,3.002350092,..,2.07794261,0.17
Cameroon,CMR,Sub-Saharan Africa,3870.829433,60.833,..,26491087,725057,56.04088553,..,42.44,57.56,7.3,1.4,13.2,3.103901386,..,0.61334801,..
Canada,CAN,North America,47226.36514,81.6704878,..,38007166,6848293,4.23922642,..,18.438,81.562,13,10.7,15.3,4.887949944,..,9.70065022,9.66
Cayman Islands,CYM,Latin America & Caribbean,71313.3386,..,..,67311,5067,280.4625,..,0,100,..,..,..,..,..,..,..
Central African Republic,CAF,Sub-Saharan Africa,895.2514772,54.604,..,5343020,132447,8.576551414,..,57.802,42.198,..,..,..,2.1446805,..,1.21621466,..
Chad,TCD,Sub-Saharan Africa,1572.601587,52.777,0.0611,16644701,338326,13.21847284,..,76.48,23.52,8.3,2.7,13.8,2.739603996,..,0.93004119,..
Channel Islands,CHI,Europe & Central Asia,..,81.264,..,171113,27891,864.2070707,..,69.037,30.963,..,..,..,..,..,..,..
Chile,CHL,Latin America & Caribbean,24941.23509,79.377,2.8351,19300315,2392386,25.95761178,14.1,12.273,87.727,29.2,26.8,31.6,5.62514019,63.27000046,5.50038815,10.94
China,CHN,East Asia & Pacific,17209.44295,78.077,..,1411100000,177774074,150.3055428,..,38.572,61.428,25.6,1.7,49.4,3.572956324,..,3.06103563,5.61
Colombia,COL,Latin America & Caribbean,15103.07382,74.769,2.327,50930662,4315004,45.90415683,22.2,18.575,81.425,8.5,4.6,12.4,5.265500069,53.15999985,6.53422785,15.98
Comoros,COM,Sub-Saharan Africa,3402.871222,64.166,..,806166,34939,433.189683,..,70.62,29.38,20.3,11.1,29.5,2.378050804,..,0.77381098,..
"Congo, Dem. Rep.",COD,Sub-Saharan Africa,1102.553518,59.739,..,92853164,2786255,40.95770451,..,54.362,45.638,12.8,2.9,22.7,2.622638464,..,0.65065557,1.47
"Congo, Rep.",COG,Sub-Saharan Africa,3574.241387,63.785,..,5702174,150973,16.69743485,..,32.171,67.829,14.5,2.1,26.8,4.619013786,..,1.92865789,..
Costa Rica,CRI,Latin America & Caribbean,21693.67282,79.277,3.3005,5123105,523496,100.334998,20.3,19.229,80.771,8.8,4.6,12.9,6.62898016,38.66999817,5.64065933,16.43
Cote d'Ivoire,CIV,Sub-Saharan Africa,5377.394446,59.032,..,26811790,645851,84.31380503,..,48.294,51.706,9.4,0.9,17.9,3.78944993,..,1.36828649,..
Croatia,HRV,Europe & Central Asia,29690.15368,77.72439024,..,4047680,873121,72.33166548,11.6,42.447,57.553,36.9,36.1,37.6,4.434420109,..,6.35798836,7.51
Cuba,CUB,Latin America & Caribbean,..,77.567,..,11300698,1757463,108.8699229,..,22.806,77.194,17.9,10.3,25.5,11.52479649,..,11.36566067,..
Curacao,CUW,Latin America & Caribbean,20705.71691,..,..,154947,22075,348.9797297,..,10.938,89.062,..,..,..,7.725708485,51.00973892,..,19.07
Cyprus,CYP,Europe & Central Asia,41425.92578,81.391,..,1237537,175167,133.9325758,7.1,33.179,66.821,35.1,23.2,47,5.686289787,74.47016144,6.33430815,7.76
Czechia,CZE,Europe & Central Asia,42827.06001,78.22682927,4.1533,10697858,2157212,138.5759288,5.6,25.939,74.061,30.7,26.4,35,4.721590042,..,8.07736492,2.55
Denmark,DNK,Europe & Central Asia,60832.15829,81.60243902,..,5831404,1169017,145.7851,6.8,11.884,88.116,17.5,17.1,17.8,7.389110088,79.32193756,8.93393898,5.64
Djibouti,DJI,Middle East & North Africa,5020.17079,62.694,..,1090156,48594,47.03002588,..,21.938,78.062,..,..,..,..,..,1.00633943,..
Dominica,DMA,Latin America & Caribbean,10830.22422,73.649,..,71995,6604,95.99333333,..,28.91,71.09,..,..,..,4.69630003,..,3.51634693,..
Dominican Republic,DOM,Latin America & Caribbean,17707.68789,72.889,..,10999664,766125,231.4208411,13.6,17.46,82.54,10.6,6.5,14.6,4.517698288,41.86999893,3.24332738,6.13
Ecuador,ECU,Latin America & Caribbean,10937.10677,72.153,..,17588595,1326911,70.81895233,20.1,35.834,64.166,11.3,4.2,18.4,4.114019871,43.34999847,4.9700942,6.13
"Egypt, Arab Rep.",EGY,Middle East & North Africa,12661.1812,70.99,..,107465134,5060221,107.9563353,..,57.217,42.783,24.3,0.4,48.1,..,..,1.39357793,7.97
El Salvador,SLV,Latin America & Caribbean,8760.296904,71.061,..,6292731,509949,303.7032336,..,26.556,73.444,7.9,1.7,14.1,3.659579992,34.38999939,5.83388329,5.01
Equatorial Guinea,GNQ,Sub-Saharan Africa,15980.00074,60.708,..,1596049,50540,56.9001426,..,26.9,73.1,..,..,..,..,..,0.84460056,..
Eritrea,ERI,Sub-Saharan Africa,..,67.133,0.0821,3555868,142113,29.37742603,..,58.653,41.347,7.5,0.2,14.7,..,..,0.84649795,..
Estonia,EST,Europe & Central Asia,39441.84908,78.59512195,..,1329522,268313,31.09992982,9.2,30.771,69.229,29.7,23,36.3,5.519929886,85.75520325,5.97475481,6.8
Eswatini,SWZ,Sub-Saharan Africa,8754.786047,59.692,0.1422,1180655,46609,68.64273256,..,75.829,24.171,9.2,1.8,16.5,5.360104561,..,3.44377804,..
Ethiopia,ETH,Sub-Saharan Africa,2379.447888,65.371,0.1059,117190911,3668189,103.8400628,..,78.305,21.695,5.1,1.3,8.8,4.090565205,..,0.98278511,..
Faroe Islands,FRO,Europe & Central Asia,..,83.19756098,..,52415,9334,38.37115666,..,57.602,42.398,..,..,..,..,..,..,..
Fiji,FJI,East Asia & Pacific,11581.22331,67.924,..,920422,50985,50.37887247,..,42.753,57.247,23.1,10.5,35.6,5.747410774,..,2.56945491,..
Finland,FIN,Europe & Central Asia,52305.28931,81.93170732,..,5529543,1243599,18.19287688,6.6,14.483,85.517,21.6,16.3,26.9,6.634940147,..,7.81982374,7.76
France,FRA,Europe & Central Asia,48134.95979,82.17560976,..,67571107,14196384,123.4046994,11.1,19.025,80.975,33.4,31.9,34.9,5.677840233,..,9.36361694,8.01
French Polynesia,PYF,East Asia & Pacific,..,82.217,..,301920,27890,86.98357822,..,38.025,61.975,..,..,..,..,..,..,..
Gabon,GAB,Sub-Saharan Africa,14682.06377,66.531,..,2292573,89511,8.897322156,..,9.908,90.092,..,..,..,3.398740768,..,1.89980304,..
"Gambia, The",GMB,Sub-Saharan Africa,2157.035033,62.612,0.0823,2573995,63192,254.347332,12.7,37.418,62.582,11.1,0.8,21.4,2.887345791,20.25968933,1.36467004,..
Georgia,GEO,Europe & Central Asia,14748.63211,72.765,5.1085,3722716,539853,65.13027048,14,40.547,59.453,31.7,7.1,56.3,3.849859238,..,2.77793884,11.73
Germany,DEU,Europe & Central Asia,56482.47563,81.04146341,4.4348,83160871,18265233,238.0173188,..,22.547,77.453,22,19.9,24.1,5.587590218,83.69612885,10.05796528,3.86
Ghana,GHA,Sub-Saharan Africa,5558.356264,64.114,0.1701,32180401,1095906,141.4317967,..,42.651,57.349,3.5,0.3,6.6,3.409159899,..,1.98434043,..
Gibraltar,GIB,Europe & Central Asia,..,82.198,..,32709,6556,3270.9,..,0,100,..,..,..,..,..,..,..
Greece,GRC,Europe & Central Asia,28416.5239,81.28780488,..,10698599,2373101,82.99921645,15,20.285,79.715,33.5,30.5,36.5,4.497175217,65.26870728,5.13178682,15.9
Greenland,GRL,Europe & Central Asia,..,71.63682927,..,56367,5066,0.13732976,..,12.718,87.282,..,..,..,..,..,..,..
Grenada,GRD,Latin America & Caribbean,13913.53161,74.924,..,123663,11977,363.7147059,..,63.463,36.537,..,..,..,..,..,2.28805852,..
Guam,GUM,East Asia & Pacific,..,76.612,..,169231,18802,313.3907407,..,5.062,94.938,..,..,..,..,..,..,..
Guatemala,GTM,Latin America & Caribbean,8859.01174,71.797,1.2407,16858333,817727,157.3192703,..,48.164,51.836,10.9,1.6,20.1,3.295030117,..,2.47590232,..
Guinea,GIN,Sub-Saharan Africa,2749.983505,59.327,..,13205153,447234,53.74065196,..,63.125,36.875,..,..,..,2.432670116,..,0.9703269,..
Guinea-Bissau,GNB,Sub-Saharan Africa,1904.658634,59.999,0.1956,2015828,56431,71.68662873,..,55.804,44.196,9,0.9,17,..,..,0.71145356,..
Guyana,GUY,Latin America & Caribbean,19462.93436,68.486,1.4238,797202,48207,4.04979426,..,73.214,26.786,12.1,2.4,21.7,..,..,4.01893854,..
Haiti,HTI,Latin America & Caribbean,3136.849494,64.052,..,11306801,501243,410.2612845,..,42.912,57.088,7.7,3.1,12.2,1.37101388,..,0.40528839,..
Honduras,HND,Latin America & Caribbean,5309.790178,71.462,0.5001,10121763,416732,90.46173027,..,41.641,58.359,..,..,..,5.97629118,..,3.43717003,10.68
"Hong Kong SAR, China",HKG,East Asia & Pacific,59022.83555,85.49756098,..,7481000,1403467,7124.761905,..,0,100,..,..,..,4.405620098,..,..,5.81
Hungary,HUN,Europe & Central Asia,34169.92228,75.56829268,..,9750149,1959532,106.8392395,10,28.058,71.942,31.8,27.8,35.8,4.155210018,80.0114975,5.15515757,4.25
Iceland,ISL,Europe & Central Asia,54303.90417,83.06341463,..,366463,53400,3.634463949,..,6.102,93.898,12,12,11.9,8.614439964,74.14498138,7.96202517,5.48
India,IND,South Asia,6517.761388,70.15,0.7352,1396387127,93171419,469.6595667,..,65.074,34.926,27.2,13,41.3,4.293349743,31.70944977,1.08449912,7.86
Indonesia,IDN,East Asia & Pacific,12160.71676,68.808,0.6228,271857970,18240362,144.7963882,..,43.359,56.641,37.6,3.7,71.4,3.491024733,38.10226059,1.87949932,4.25
"Iran, Islamic Rep.",IRN,Middle East & North Africa,15240.77291,74.832,..,87290193,6204285,53.79981079,..,24.126,75.874,13.6,3.1,24.1,3.204950094,..,2.87576437,9.69
Iraq,IRQ,Middle East & North Africa,9343.734411,69.123,0.9663,42556984,1448156,98.02865514,..,29.107,70.893,18.5,1.8,35.1,..,..,2.78829455,..
Ireland,IRL,Europe & Central Asia,93942.60575,82.55609756,3.4896,4985382,725091,72.36728117,6.2,36.347,63.653,20.8,19,22.5,3.271859884,..,5.597785,5.62
Isle of Man,IMN,Europe & Central Asia,..,80.588,..,84046,18359,147.4491228,..,47.102,52.898,..,..,..,..,..,..,..
Israel,ISR,Middle East & North Africa,40219.26852,82.64878049,3.6259,9215100,1087906,425.836414,..,7.413,92.587,21.2,13.5,28.9,6.462299824,..,5.89272499,4.17
Italy,ITA,Europe & Central Asia,43144.40642,82.19512195,3.9477,59438851,13892091,200.9991005,15.6,28.961,71.039,23.1,19.5,26.6,4.441949844,52.4560318,7.32908154,9.16
Jamaica,JAM,Latin America & Caribbean,9724.163469,71.869,..,2820436,198631,260.4280702,..,43.689,56.311,9.4,3.8,15,5.61749506,..,4.49590921,6.5
Japan,JPN,East Asia & Pacific,41683.91558,84.56,..,126261000,37352017,346.3950617,..,8.218,91.782,20.1,10,30.1,3.416980982,85.17671204,9.18607235,2.81
Jordan,JOR,Middle East & North Africa,9698.43367,75.184,..,10928721,394798,123.0794986,..,8.582,91.418,34.8,12.8,56.8,..,50.2436409,3.71250176,19.21
Kazakhstan,KAZ,Europe & Central Asia,26782.10018,71.37,4.0712,18755666,1471205,6.947314887,..,42.329,57.671,23.2,6.7,39.6,4.446203709,..,2.50674272,4.89
Kenya,KEN,Sub-Saharan Africa,4749.276967,62.675,..,51985780,1457202,91.34093545,10.4,72.005,27.995,11.1,2.7,19.5,4.628155708,29.37517929,2.03427505,..
Kiribati,KIR,East Asia & Pacific,2003.323401,67.266,..,126463,4661,156.1271605,..,44.406,55.594,40.6,27.3,53.9,..,..,9.29323101,10.97
"Korea, Dem. People's Rep.",PRK,East Asia & Pacific,..,73.274,..,25867467,2871534,214.8282286,..,37.619,62.381,17.4,0,34.8,..,..,..,..
"Korea, Rep.",KOR,East Asia & Pacific,44694.7337,83.42682927,..,51836239,8205194,531.1090061,..,18.586,81.414,20.8,5.9,35.7,4.801720142,..,5.10320282,3.93
Kosovo,XKX,Europe & Central Asia,11306.22556,76.567,..,1790133,173450,..,..,..,..,..,..,..,..,..,..,25.46
Kuwait,KWT,Middle East & North Africa,46382.89974,76.92,2.3416,4360444,173716,244.6938272,..,0,100,17.9,2.2,33.5,..,..,5.67045593,..
Kyrgyz Republic,KGZ,Europe & Central Asia,4990.928369,71.8,..,6579900,280829,34.30604797,5,63.144,36.856,25.4,2.8,48,6.093910217,..,2.35807395,4.63
Lao PDR,LAO,East Asia & Pacific,8198.836474,68.497,0.3539,7319399,313166,31.71316724,..,63.71,36.29,31.8,10.3,53.3,1.91597271,..,1.15479565,..
Latvia,LVA,Europe & Central Asia,33018.62417,75.18536585,3.4047,1900449,406699,30.53911297,12.2,31.685,68.315,37,23.7,50.3,4.821040154,..,4.7241993,8.1
Lebanon,LBN,Middle East & North Africa,14563.77053,77.804,..,5662923,529487,553.5604106,..,11.075,88.925,38.2,28.9,47.5,1.669968128,..,2.63267303,..
Lesotho,LSO,Sub-Saharan Africa,2413.078683,54.693,..,2254100,94919,74.24571805,..,70.972,29.028,24.3,5.4,43.1,6.997992516,..,6.09236574,..
Liberia,LBR,Sub-Saharan Africa,1461.341447,60.948,..,5087584,171714,52.81960133,..,47.911,52.089,8.2,2,14.3,2.139914513,..,1.58623326,..
Libya,LBY,Middle East & North Africa,16495.99022,72.472,..,6653942,319722,3.781637246,..,19.309,80.691,..,..,..,..,..,..,..
Liechtenstein,LIE,Europe & Central Asia,..,81.65853659,..,38756,7160,242.225,..,85.584,14.416,..,..,..,..,..,..,..
Lithuania,LTU,Europe & Central Asia,40176.46004,74.97804878,..,2794885,570717,44.63246567,10.4,31.954,68.046,32,21.8,42.1,4.512559891,89.86580658,5.17632532,8.49
Luxembourg,LUX,Europe & Central Asia,120010.2083,82.14390244,..,630419,91777,244.8742649,14.3,8.547,91.453,21.1,19.8,22.4,3.838229895,..,5.03534985,6.77
"Macao SAR, China",MAC,East Asia & Pacific,58248.35695,85.184,..,676283,78987,20555.71429,..,0,100,..,..,..,6.360320091,..,..,2.57
Madagascar,MDG,Sub-Saharan Africa,1516.654232,65.182,..,28225177,916246,48.51353902,..,61.466,38.534,27.8,12.8,42.7,3.25443387,..,1.4370451,..
Malawi,MWI,Sub-Saharan Africa,1573.039483,63.717,0.0501,19377061,540426,205.5267395,..,82.573,17.427,10.8,4.1,17.5,..,12.14766979,1.97010148,0.91
Malaysia,MYS,East Asia & Pacific,27277.86229,75.938,2.2855,33199993,2327890,101.0500472,..,22.84,77.16,22.5,1.1,43.8,4.520450115,..,2.17579722,4.54
Maldives,MDV,South Asia,14171.00128,79.875,..,514438,22553,1714.793333,..,59.331,40.669,25.2,6,44.4,5.794967651,..,9.07674503,..
Mali,MLI,Sub-Saharan Africa,2242.791702,58.633,..,21224040,529726,17.39404519,..,56.091,43.909,8.3,1,15.6,3.954459906,5.408860207,1.4803977,3.53
Malta,MLT,Middle East & North Africa,44925.83118,82.34878049,..,515332,97095,1610.4125,9.9,5.256,94.744,24,21.6,26.4,5.765721798,48.27286148,7.22626591,4.35
Marshall Islands,MHL,East Asia & Pacific,6030.970261,64.977,..,43413,1698,241.1833333,..,22.206,77.794,28.5,8.3,48.7,13.77944756,..,6.33655882,..
Mauritania,MRT,Sub-Saharan Africa,5612.553809,64.532,..,4498604,148667,4.364610459,..,44.673,55.327,10.7,2.1,19.3,1.771610022,..,1.34919083,..
Mauritius,MUS,Sub-Saharan Africa,21352.39669,74.17707317,2.7127,1266014,149176,633.9579369,..,59.24,40.76,20.2,3,37.3,4.35243988,..,3.4760139,8.63
Mexico,MEX,Latin America & Caribbean,18522.00217,70.133,..,125998302,10106622,64.81560843,17,19.269,80.731,13.1,6.2,19.9,4.625720024,36.27000046,3.30063844,4.44
"Micronesia, Fed. Sts.",FSM,East Asia & Pacific,3649.347298,70.674,0.9391,112106,6232,160.1514286,..,77.067,22.933,..,..,..,10.53921604,..,2.79035926,..
Moldova,MDA,Europe & Central Asia,12512.60037,70.166,3.1026,2635130,351930,91.74732605,..,57.151,42.849,29,6.2,51.7,6.601260185,..,4.39417887,1.21
Monaco,MCO,Europe & Central Asia,..,..,..,36922,13236,18215.0962,..,0,100,..,..,..,..,..,1.45236254,..
Mongolia,MNG,East Asia & Pacific,12320.27933,72.141,..,3294335,140348,2.115133618,..,31.343,68.657,29.4,7.1,51.7,4.663455009,44.95077896,3.15984797,6.59
Montenegro,MNE,Europe & Central Asia,20510.82531,75.93170732,2.74,621306,99198,46.19375465,..,32.512,67.488,31.4,31.1,31.6,..,..,7.13466835,17.88
Morocco,MAR,Middle East & North Africa,7968.674316,73.92,..,36688772,2623715,82.20652476,..,36.468,63.532,14.5,0.8,28.2,6.284598827,..,2.60883594,..
Mozambique,MOZ,Sub-Saharan Africa,1302.513708,61.172,0.085,31178239,810673,39.64780259,..,62.926,37.074,14.3,5.6,23,6.642562866,14.0377903,2.41862082,..
Myanmar,MMR,East Asia & Pacific,5224.199055,66.797,..,53423198,3448015,81.85330718,..,68.859,31.141,44.1,19.7,68.5,..,..,0.73733534,1.48
Namibia,NAM,Sub-Saharan Africa,9548.232948,62.829,..,2489098,100377,3.023355075,..,47.967,52.033,15.1,6,24.2,9.277998924,..,4.40352678,..
Nauru,NRU,East Asia & Pacific,11418.55934,63.437,..,12315,261,615.75,..,0,100,48.5,49.1,47.8,6.482572079,..,8.92148685,..
Nepal,NPL,South Asia,3972.515323,69.246,0.8516,29348627,1772598,204.7340565,..,79.424,20.576,30.4,12.8,47.9,4.211066723,..,1.55479288,..
Netherlands,NLD,Europe & Central Asia,59822.95427,81.35853659,4.0794,17441500,3426742,518.013068,8,7.764,92.236,22.2,19.9,24.4,5.423810005,72.95935059,7.66171503,3.82
New Caledonia,NCL,East Asia & Pacific,..,80.83495122,..,272460,28279,14.904814,..,28.482,71.518,..,..,..,..,..,..,13.56
New Zealand,NZL,East Asia & Pacific,45554.93294,82.25609756,3.6183,5090200,792972,19.33158634,..,13.301,86.699,13.7,12.3,15,5.667323112,75.11358643,7.73777819,4.6
Nicaragua,NIC,Latin America & Caribbean,5523.544581,71.795,..,6755895,341737,56.14006149,..,40.988,59.012,..,..,..,4.581561089,..,5.33572912,..
Niger,NER,Sub-Saharan Africa,1282.577817,61.451,0.0345,24333639,592673,19.2102621,..,83.374,16.626,7.4,1.1,13.7,3.819200993,..,2.34244084,..
Nigeria,NGA,Sub-Saharan Africa,5137.598402,52.887,..,208327405,6255100,228.737667,..,48.042,51.958,3.7,0.5,6.9,..,..,0.50597858,..
North Macedonia,MKD,Europe & Central Asia,17324.85624,74.39512195,..,2072531,302290,82.17807296,..,41.518,58.482,..,..,..,..,68.3028183,4.76490688,16.55
Northern Mariana Islands,MNP,East Asia & Pacific,..,..,..,49587,4370,107.7978261,..,8.202,91.798,..,..,..,..,..,..,..
Norway,NOR,Europe & Central Asia,65130.17219,83.2097561,5.047,5379475,953777,14.76721523,..,17.026,82.974,16.2,15.4,17,8.372819901,..,9.78682518,4.42
Oman,OMN,Middle East & North Africa,34952.16348,74.757,1.7738,4543399,125231,14.67980291,..,13.724,86.276,8,0.4,15.5,..,62.22547913,4.80646753,2.94
Pakistan,PAK,South Asia,5284.664584,66.269,..,227196741,9483599,294.7238753,..,62.835,37.165,20.2,7.3,33,2.057182312,..,1.03996059,..
Palau,PLW,East Asia & Pacific,16846.08762,..,1.768,17972,1645,39.06956522,..,19.012,80.988,17.6,7.9,27.3,..,..,13.51063728,0.77
Panama,PAN,Latin America & Caribbean,28096.61231,76.657,..,4294396,359173,57.89156107,..,31.586,68.414,5,2.2,7.7,3.622200966,..,5.8625102,18.55
Papua New Guinea,PNG,East Asia & Pacific,3951.24593,65.787,..,9749640,295764,21.52903767,..,86.655,13.345,39.3,25.1,53.5,..,..,1.72049451,..
Paraguay,PRY,Latin America & Caribbean,14063.2737,73.182,1.0515,6618695,407860,16.65918701,18.6,37.817,62.183,11.5,4.4,18.6,3.936150074,42.33000183,4.11691141,7.55
Peru,PER,Latin America & Caribbean,11813.98844,73.665,..,33304756,2748486,26.01934063,19.7,21.703,78.297,8.1,3,13.2,4.248040199,55.20999908,4.28144789,7.18
Philippines,PHL,East Asia & Pacific,8208.669386,72.119,0.7727,112190977,5858823,376.2651407,..,52.592,47.408,22.9,6.5,39.3,3.876672983,..,2.28181028,2.52
Poland,POL,Europe & Central Asia,35315.71726,76.5,..,37899070,6963590,123.8005749,..,39.957,60.043,24,20.1,27.9,4.852650166,87.77777863,4.66816568,3.16
Portugal,PRT,Europe & Central Asia,34955.70549,80.97560976,..,10297081,2295912,112.406676,12.3,33.69,66.31,25.4,20.2,30.5,4.876560211,43.4513092,6.79872322,6.8
Puerto Rico,PRI,Latin America & Caribbean,34254.93597,78.041,..,3281557,712263,369.9613303,..,6.419,93.581,..,..,..,..,..,..,..
Qatar,QAT,Middle East & North Africa,94005.35835,79.099,..,2760385,34666,240.2423847,..,0.765,99.235,11.8,1.9,21.7,3.233669996,..,3.30993986,0.14
Romania,ROU,Europe & Central Asia,33336.1811,74.25365854,..,19265250,3599884,83.73283206,18,45.806,54.194,28,20,35.9,3.589260101,..,5.02272987,5.03
Russian Federation,RUS,Europe & Central Asia,30011.57422,71.33878049,3.8187,144073139,22051936,8.797354989,9.8,25.246,74.754,26.8,12.8,40.8,3.701467514,..,5.35894442,5.59
Rwanda,RWA,Sub-Saharan Africa,2182.388201,66.774,..,13146362,407814,532.8886096,..,82.568,17.432,13.7,7.2,20.1,3.33394289,10.96208,2.92674851,11.83
Samoa,WSM,East Asia & Pacific,6402.053278,72.768,0.5998,214929,10777,77.31258993,..,82.111,17.889,25.3,14.5,36.1,4.481005192,..,3.85650325,..
San Marino,SMR,Europe & Central Asia,59521.38299,..,..,34007,6699,566.7833333,..,2.501,97.499,..,..,..,3.424619913,..,7.76576805,7.23
Sao Tome and Principe,STP,Sub-Saharan Africa,4286.015397,67.785,..,218641,8283,227.7510417,..,25.646,74.354,5.7,1.3,10.1,5.015238285,..,2.4861083,..
Saudi Arabia,SAU,Middle East & North Africa,47278.69302,76.239,2.7384,35997107,862719,16.7452549,..,15.713,84.287,14.3,2,26.5,..,62.28876877,..,7.66
Senegal,SEN,Sub-Saharan Africa,3574.016928,68.006,..,16436120,521536,85.36913728,..,51.878,48.122,6.9,0.7,13.1,5.688510895,..,1.72161877,..
Serbia,SRB,Europe & Central Asia,19557.57637,74.47804878,..,6899126,1431199,82.04454751,14.6,43.554,56.446,39.8,39.1,40.5,3.562210083,..,5.30452394,9.01
Seychelles,SYC,Sub-Saharan Africa,27920.07349,77.23658537,..,98462,7521,214.0478261,..,42.454,57.546,20.2,6.4,34,4.891200542,..,5.39845753,4.31
Sierra Leone,SLE,Sub-Saharan Africa,1675.212571,59.763,..,8233970,259136,114.0755057,..,57.077,42.923,13.5,6.4,20.5,8.809550285,..,1.36035788,..
Singapore,SGP,East Asia & Pacific,100226.3685,84.46585366,..,5685807,747922,7918.951253,..,0,100,16.5,5,28,2.687449932,74.54988861,3.17285585,4.1
Sint Maarten (Dutch part),SXM,Latin America & Caribbean,32578.99092,74.584,..,42310,3782,1244.411765,..,0,100,..,..,..,..,..,..,..
Slovak Republic,SVK,Europe & Central Asia,32922.07476,76.86585366,..,5458827,918403,113.5363353,..,46.24,53.76,31.5,25.6,37.4,4.764679909,..,5.80533266,6.72
Slovenia,SVN,Europe & Central Asia,40871.82526,80.53170732,..,2102419,422607,104.4088814,5.4,44.882,55.118,22,19.6,24.4,5.386519909,..,6.86089611,4.99
Solomon Islands,SLB,East Asia & Pacific,2607.481827,70.199,..,691191,23935,24.69421222,..,75.33,24.67,36.5,19.2,53.8,..,..,3.60097384,..
Somalia,SOM,Sub-Saharan Africa,1190.56943,55.967,..,16537016,432582,26.36053177,..,53.859,46.141,..,..,..,..,..,..,..
South Africa,ZAF,Sub-Saharan Africa,13533.77625,65.252,..,58801927,3528430,48.47284785,..,32.646,67.354,20.3,6.5,34,6.1833601,49.12731171,5.33053446,24.34
South Sudan,SSD,Sub-Saharan Africa,..,55.48,..,10606227,297038,16.78386372,..,79.801,20.199,..,..,..,..,..,0.4163678,..
Spain,ESP,Europe & Central Asia,37988.02953,82.33170732,..,47365655,9318013,94.81538375,16.5,19.19,80.81,27.7,26.7,28.6,4.899869919,53.2567482,7.84911251,15.53
Sri Lanka,LKA,South Asia,13664.22666,76.393,1.2291,21919000,2367905,354.3323634,..,81.287,18.713,22,2.6,41.4,1.555410743,64.82656097,1.86251867,5.36
St. Kitts and Nevis,KNA,Latin America & Caribbean,28196.74404,71.627,..,47642,4380,183.2384615,..,69.157,30.843,..,..,..,3.10357976,..,2.74555492,..
St. Lucia,LCA,Latin America & Caribbean,12303.54217,73.416,..,179237,15982,293.8311475,..,81.159,18.841,..,..,..,3.617219925,..,2.84342837,20.41
St. Martin (French part),MAF,Latin America & Caribbean,..,80.149,..,32553,3208,651.06,..,..,..,..,..,..,..,..,..,..
St. Vincent and the Grenadines,VCT,Latin America & Caribbean,14457.85563,72.126,..,104632,11169,268.2871795,..,46.968,53.032,..,..,..,5.463758469,..,3.26209617,..
Sudan,SDN,Sub-Saharan Africa,4091.842285,65.614,..,44440486,1483417,23.79041006,..,64.747,35.253,..,..,..,..,..,1.03126121,..
Suriname,SUR,Latin America & Caribbean,16187.82332,72.561,..,607065,43191,3.891442308,..,33.851,66.149,..,..,..,5.320321083,..,4.37696552,..
Sweden,SWE,Europe & Central Asia,56140.5524,82.35609756,..,10353442,2074063,25.42072337,10.1,12.023,87.977,24,18.2,29.8,7.925610065,..,9.77640724,8.29
Switzerland,CHE,Europe & Central Asia,70810.82069,83,4.3804,8638167,1617570,218.6344696,..,26.085,73.915,25.5,22.9,28.1,5.291639805,..,4.20692682,4.82
Syrian Arab Republic,SYR,Middle East & North Africa,..,72.14,..,20772595,945397,113.1220117,..,44.525,55.475,..,..,..,..,..,..,..
Tajikistan,TJK,Europe & Central Asia,3856.501523,67.994,..,9543207,308836,68.76004755,..,72.494,27.506,..,..,..,5.960922241,..,2.1510756,..
Tanzania,TZA,Sub-Saharan Africa,2694.42627,66.408,..,61704518,1929919,69.65965003,..,64.773,35.227,8.7,3.4,14,3.230972528,..,1.60523546,2.78
Thailand,THA,East Asia & Pacific,17810.25075,79.274,0.9499,71475664,9899641,139.9042142,10.6,48.57,51.43,22.1,2.9,41.3,3.153170824,..,3.06738973,1.1
Timor-Leste,TLS,East Asia & Pacific,5128.549906,68.475,0.7562,1299995,69836,87.42400807,..,68.68,31.32,39.2,10.8,67.6,3.660026789,..,5.44570112,..
Togo,TGO,Sub-Saharan Africa,2179.75656,61.035,0.0827,8442580,258187,155.2230189,..,57.2,42.8,6.8,1.2,12.3,4.091336727,..,1.24389136,..
Tonga,TON,East Asia & Pacific,6713.152994,70.928,0.9461,105254,6507,146.1861111,..,76.901,23.099,31,15.3,46.7,4.860516548,..,3.03655863,..
Trinidad and Tobago,TTO,Latin America & Caribbean,24701.55063,74.406,..,1518147,162053,295.9350877,..,46.786,53.214,..,..,..,4.206779957,..,3.38081074,4.21
Tunisia,TUN,Middle East & North Africa,10602.52127,75.292,..,12161723,1043292,78.28091529,..,30.432,69.568,24.6,2,47.2,..,..,3.72313976,..
Turkiye,TUR,Europe & Central Asia,27724.38862,75.85,..,84135428,6884041,109.3193197,..,23.895,76.105,30.7,19.2,42.1,4.008609772,..,3.6410346,13.11
Turkmenistan,TKM,Europe & Central Asia,..,68.687,..,6250438,294757,13.30078522,..,47.484,52.516,5.5,0.4,10.6,3.779779911,..,1.00819516,..
Turks and Caicos Islands,TCA,Latin America & Caribbean,19509.71181,75.001,..,44276,4416,46.60631579,..,6.395,93.605,..,..,..,2.924562693,..,..,..
Tuvalu,TUV,East Asia & Pacific,4834.397142,64.382,1.1864,11069,664,368.9666667,..,35.986,64.014,35.6,21.3,49.8,..,..,18.08883476,..
Uganda,UGA,Sub-Saharan Africa,2365.988411,62.851,0.1537,44404611,739255,221.447292,..,75.046,24.954,8.4,3.7,13,2.572221756,..,0.67256367,..
Ukraine,UKR,Europe & Central Asia,13102.7959,71.18512195,..,44132049,7586325,76.16853469,5.1,30.392,69.608,25.8,11.5,40,5.382319927,..,3.75391006,9.48
United Arab Emirates,ARE,Middle East & North Africa,71458.63852,78.946,..,9287289,153610,130.7700507,..,12.952,87.048,..,..,..,3.984179974,..,3.45929488,4.29
United Kingdom,GBR,Europe & Central Asia,45872.02729,80.35121951,3.0037,67081234,12559292,277.2753854,11.5,16.097,83.903,15.4,13.5,17.3,5.497700214,79.91113281,10.02466106,..
United States,USA,North America,63528.6343,76.9804878,..,331511512,53782439,36.24098511,17,17.336,82.664,23,17.5,28.4,5.435440063,90.94052124,10.68158436,8.05
Uruguay,URY,Latin America & Caribbean,23309.78652,78.43,..,3429086,525958,19.592538,18,4.485,95.515,21.5,18.5,24.4,4.543069839,..,6.56739044,10.33
Uzbekistan,UZB,Europe & Central Asia,7822.661958,70.331,..,34232050,1666255,77.68535119,..,49.584,50.416,17.6,1.1,34,4.948036671,..,3.11443138,5.29
Vanuatu,VUT,East Asia & Pacific,3008.551637,70.299,..,311685,11574,25.56890894,..,74.475,25.525,17.8,2.6,33,2.173589945,..,2.60831356,4.05
"Venezuela, RB",VEN,Latin America & Caribbean,..,71.095,..,28490453,2277624,32.30026983,..,11.721,88.279,..,..,..,..,..,1.67663467,7.53
Viet Nam,VNM,East Asia & Pacific,11036.00053,75.378,..,96648685,8144980,308.3591021,13.9,62.66,37.34,24.8,2.2,47.4,3.216528893,..,2.11166167,2.1
Virgin Islands (U.S.),VIR,Latin America & Caribbean,..,79.8195122,..,106290,20880,303.6857143,..,4.061,95.939,..,..,..,..,..,..,..
West Bank and Gaza,PSE,Middle East & North Africa,5705.155021,74.403,..,4803269,164863,797.8852159,..,23.281,76.719,..,..,..,..,45.90417099,..,25.89
"Yemen, Rep.",YEM,Middle East & North Africa,..,64.65,..,32284046,877605,61.1475008,..,62.092,37.908,20.3,8.1,32.5,..,..,..,..
Zambia,ZMB,Sub-Saharan Africa,3361.978869,62.38,..,18927715,327423,25.46135272,..,55.371,44.629,14.4,3.7,25.1,3.949648142,..,2.44180179,6.03
Zimbabwe,ZWE,Sub-Saharan Africa,2101.804597,61.124,0.199,15669666,529049,40.50579294,..,67.758,32.242,11.7,1.5,21.8,..,..,0.75678271,..